Title,Price,Date
"Seek Buy Love Funny Spreadsheet T-Shirt, Data Analyst Tee, Accountant Gift, Office Humor Shirt, Casual Graphic Top, Unisex Tee",449,2024-10-18
"Seek Buy Love Funny Spreadsheet T-Shirt, Data Analyst Tee, Accountant Gift, Office Humor Shirt, Casual Graphic Top, Unisex Tee",449,2024-10-18
"Seek Buy Love Funny Spreadsheet T-Shirt, Data Analyst Tee, Accountant Gift, Office Humor Shirt, Casual Graphic Top, Unisex Tee",449,2024-10-18
"Seek Buy Love Funny Spreadsheet T-Shirt, Data Analyst Tee, Accountant Gift, Office Humor Shirt, Casual Graphic Top, Unisex Tee",449,2024-10-18
"Seek Buy Love Funny Spreadsheet T-Shirt, Data Analyst Tee, Accountant Gift, Office Humor Shirt, Casual Graphic Top, Unisex Tee",449,2024-10-18
"Seek Buy Love Funny Spreadsheet T-Shirt, Data Analyst Tee, Accountant Gift, Office Humor Shirt, Casual Graphic Top, Unisex Tee",449,2024-10-18
"Seek Buy Love Funny Spreadsheet T-Shirt, Data Analyst Tee, Accountant Gift, Office Humor Shirt, Casual Graphic Top, Unisex Tee",449,2024-10-18
"Seek Buy Love Funny Spreadsheet T-Shirt, Data Analyst Tee, Accountant Gift, Office Humor Shirt, Casual Graphic Top, Unisex Tee",449,2024-10-18
"Seek Buy Love Funny Spreadsheet T-Shirt, Data Analyst Tee, Accountant Gift, Office Humor Shirt, Casual Graphic Top, Unisex Tee",449,2024-10-18
"Seek Buy Love Funny Spreadsheet T-Shirt, Data Analyst Tee, Accountant Gift, Office Humor Shirt, Casual Graphic Top, Unisex Tee",449,2024-10-18
"Seek Buy Love Funny Spreadsheet T-Shirt, Data Analyst Tee, Accountant Gift, Office Humor Shirt, Casual Graphic Top, Unisex Tee",449,2024-10-18
"Seek Buy Love Funny Spreadsheet T-Shirt, Data Analyst Tee, Accountant Gift, Office Humor Shirt, Casual Graphic Top, Unisex Tee",449,2024-10-18
"Seek Buy Love Funny Spreadsheet T-Shirt, Data Analyst Tee, Accountant Gift, Office Humor Shirt, Casual Graphic Top, Unisex Tee",449,2024-10-18
"Seek Buy Love Funny Spreadsheet T-Shirt, Data Analyst Tee, Accountant Gift, Office Humor Shirt, Casual Graphic Top, Unisex Tee",449,2024-10-18
"Seek Buy Love Funny Spreadsheet T-Shirt, Data Analyst Tee, Accountant Gift, Office Humor Shirt, Casual Graphic Top, Unisex Tee",449,2024-10-18
"Seek Buy Love Funny Spreadsheet T-Shirt, Data Analyst Tee, Accountant Gift, Office Humor Shirt, Casual Graphic Top, Unisex Tee",449,2024-10-18
"Seek Buy Love Funny Spreadsheet T-Shirt, Data Analyst Tee, Accountant Gift, Office Humor Shirt, Casual Graphic Top, Unisex Tee",449,2024-10-18
"Seek Buy Love Funny Spreadsheet T-Shirt, Data Analyst Tee, Accountant Gift, Office Humor Shirt, Casual Graphic Top, Unisex Tee",449,2024-10-18
"Seek Buy Love Funny Spreadsheet T-Shirt, Data Analyst Tee, Accountant Gift, Office Humor Shirt, Casual Graphic Top, Unisex Tee",449,2024-10-18
"Seek Buy Love Funny Spreadsheet T-Shirt, Data Analyst Tee, Accountant Gift, Office Humor Shirt, Casual Graphic Top, Unisex Tee",449,2024-10-18
"Seek Buy Love Funny Spreadsheet T-Shirt, Data Analyst Tee, Accountant Gift, Office Humor Shirt, Casual Graphic Top, Unisex Tee",449,2024-10-18
"Seek Buy Love Funny Spreadsheet T-Shirt, Data Analyst Tee, Accountant Gift, Office Humor Shirt, Casual Graphic Top, Unisex Tee",449,2024-10-18
"Seek Buy Love Funny Spreadsheet T-Shirt, Data Analyst Tee, Accountant Gift, Office Humor Shirt, Casual Graphic Top, Unisex Tee",449,2024-10-18
"Seek Buy Love Funny Spreadsheet T-Shirt, Data Analyst Tee, Accountant Gift, Office Humor Shirt, Casual Graphic Top, Unisex Tee",449,2024-10-18
"Seek Buy Love Funny Spreadsheet T-Shirt, Data Analyst Tee, Accountant Gift, Office Humor Shirt, Casual Graphic Top, Unisex Tee",449,2024-10-18
"Seek Buy Love Funny Spreadsheet T-Shirt, Data Analyst Tee, Accountant Gift, Office Humor Shirt, Casual Graphic Top, Unisex Tee",449,2024-10-18
"Seek Buy Love Funny Spreadsheet T-Shirt, Data Analyst Tee, Accountant Gift, Office Humor Shirt, Casual Graphic Top, Unisex Tee",449,2024-10-18
"Seek Buy Love Funny Spreadsheet T-Shirt, Data Analyst Tee, Accountant Gift, Office Humor Shirt, Casual Graphic Top, Unisex Tee",449,2024-10-18
"Seek Buy Love Funny Spreadsheet T-Shirt, Data Analyst Tee, Accountant Gift, Office Humor Shirt, Casual Graphic Top, Unisex Tee",449,2024-10-18
"Seek Buy Love Funny Spreadsheet T-Shirt, Data Analyst Tee, Accountant Gift, Office Humor Shirt, Casual Graphic Top, Unisex Tee",449,2024-10-18
"Seek Buy Love Funny Spreadsheet T-Shirt, Data Analyst Tee, Accountant Gift, Office Humor Shirt, Casual Graphic Top, Unisex Tee",449,2024-10-18
"Seek Buy Love Funny Spreadsheet T-Shirt, Data Analyst Tee, Accountant Gift, Office Humor Shirt, Casual Graphic Top, Unisex Tee",449,2024-10-18
"Seek Buy Love Funny Spreadsheet T-Shirt, Data Analyst Tee, Accountant Gift, Office Humor Shirt, Casual Graphic Top, Unisex Tee",449,2024-10-18
"Seek Buy Love Funny Spreadsheet T-Shirt, Data Analyst Tee, Accountant Gift, Office Humor Shirt, Casual Graphic Top, Unisex Tee",449,2024-10-18
"Seek Buy Love Funny Spreadsheet T-Shirt, Data Analyst Tee, Accountant Gift, Office Humor Shirt, Casual Graphic Top, Unisex Tee",449,2024-10-18
"Seek Buy Love Funny Spreadsheet T-Shirt, Data Analyst Tee, Accountant Gift, Office Humor Shirt, Casual Graphic Top, Unisex Tee",449,2024-10-18
"Seek Buy Love Funny Spreadsheet T-Shirt, Data Analyst Tee, Accountant Gift, Office Humor Shirt, Casual Graphic Top, Unisex Tee",449,2024-10-18
"Seek Buy Love Funny Spreadsheet T-Shirt, Data Analyst Tee, Accountant Gift, Office Humor Shirt, Casual Graphic Top, Unisex Tee",449,2024-10-18
"Seek Buy Love Funny Spreadsheet T-Shirt, Data Analyst Tee, Accountant Gift, Office Humor Shirt, Casual Graphic Top, Unisex Tee",449,2024-10-18
"Seek Buy Love Funny Spreadsheet T-Shirt, Data Analyst Tee, Accountant Gift, Office Humor Shirt, Casual Graphic Top, Unisex Tee",449,2024-10-18
"Seek Buy Love Funny Spreadsheet T-Shirt, Data Analyst Tee, Accountant Gift, Office Humor Shirt, Casual Graphic Top, Unisex Tee",449,2024-10-18
"Seek Buy Love Funny Spreadsheet T-Shirt, Data Analyst Tee, Accountant Gift, Office Humor Shirt, Casual Graphic Top, Unisex Tee",449,2024-10-18
"Seek Buy Love Funny Spreadsheet T-Shirt, Data Analyst Tee, Accountant Gift, Office Humor Shirt, Casual Graphic Top, Unisex Tee",449,2024-10-18
"Seek Buy Love Funny Spreadsheet T-Shirt, Data Analyst Tee, Accountant Gift, Office Humor Shirt, Casual Graphic Top, Unisex Tee",449,2024-10-18
"Seek Buy Love Funny Spreadsheet T-Shirt, Data Analyst Tee, Accountant Gift, Office Humor Shirt, Casual Graphic Top, Unisex Tee",449,2024-10-18
"Seek Buy Love Funny Spreadsheet T-Shirt, Data Analyst Tee, Accountant Gift, Office Humor Shirt, Casual Graphic Top, Unisex Tee",449,2024-10-18
"Seek Buy Love Funny Spreadsheet T-Shirt, Data Analyst Tee, Accountant Gift, Office Humor Shirt, Casual Graphic Top, Unisex Tee",449,2024-10-18
"Seek Buy Love Funny Spreadsheet T-Shirt, Data Analyst Tee, Accountant Gift, Office Humor Shirt, Casual Graphic Top, Unisex Tee",449,2024-10-18
"Seek Buy Love Funny Spreadsheet T-Shirt, Data Analyst Tee, Accountant Gift, Office Humor Shirt, Casual Graphic Top, Unisex Tee",449,2024-10-18
